case_id	slide_id	mutation_status
TCGA-21-5783	2a8feeb0-e337-48aa-9863-965fecc933d5	0
TCGA-22-0940	e63b3a58-4ff8-499b-a42b-f35cfc86cd0f	0
TCGA-22-0944	173d1077-45e2-474f-9efd-712ba50d12ae	0
TCGA-22-1000	629ec8b3-583e-442d-929f-e04947d375e5	0
TCGA-22-1002	53c154a7-5e3e-448c-bab7-d1b9b922c398	0
TCGA-22-1005	aaa30733-9c20-4f3e-a42c-847bd080c417	0
TCGA-22-1011	3f7d4bfb-bc3d-4273-9cc1-47a064e21c06	0
TCGA-22-1012	c938fa62-1da3-49ac-b009-78cac7538161	0
TCGA-22-1016	260fa9bd-ccd3-4a5a-85fa-92114bb0140c	0
TCGA-22-1017	73c69d24-6f9e-44e2-bfe5-a608d4cf5c27	0
TCGA-22-4591	717dc7fc-291b-499c-9a88-3ee43775d88c	0
TCGA-22-4593	68bfe4d7-1612-460b-9c60-fef33829e05f	0
TCGA-22-4594	26ad2684-4cc8-4191-841c-42b8f170c7e0	0
TCGA-22-4595	a0739286-1384-42c1-a91b-80ec2851ea5e	0
TCGA-22-4596	77da515a-4449-437d-8475-6fc4e85fbb8d	0
TCGA-22-4599	54e55d74-b18d-47e2-ac66-fd8f9e1f6094	0
TCGA-22-4601	a775dc7d-f257-4f7f-9ecb-e165d4636f93	0
TCGA-22-4604	fcd48b49-680a-4144-8817-4a527f2740cc	0
TCGA-22-4605	d18603e2-32ee-4a65-85a3-871c2696c936	0
TCGA-22-4607	c12c8b4c-4733-4dd9-867d-3c4552684907	0
TCGA-22-4609	625b9dcb-9639-43e3-903f-610dac16ec82	0
TCGA-22-4613	2c943b62-a6d7-4c19-b743-cea09ef5c1c8	0
TCGA-22-5471	e7a5fafe-b8e2-4b8b-8dc3-e2886e62548e	0
TCGA-22-5472	5c8bf906-09f3-4f45-8f82-ba683c70f2ac	0
TCGA-22-5473	fd9b912b-7206-4eb1-980e-997c5c7dd63f	0
TCGA-22-5474	4cff975b-adbe-4ecf-9be5-365c715e2305	0
TCGA-22-5477	6bc57f51-fffa-4f82-9966-7547d65ad8b0	0
TCGA-22-5478	d4d80bf4-2f42-4281-90a3-f587ae42a953	0
TCGA-22-5479	9102b9c1-77ae-4fa0-9683-53be8a998ceb	0
TCGA-22-5480	e5872439-ef02-4240-a635-f3485ce2fdee	0
TCGA-22-5481	2234d946-a73c-4a9d-bbde-d55fb4495680	0
TCGA-22-5482	d9413c47-e2c1-4d68-88fe-fdce9ee9a44d	0
TCGA-22-5483	2a5c4cb0-c677-4c5b-942d-181d0d51c366	0
TCGA-22-5485	9b5fc383-908f-46d3-8ebe-994d42199e2b	0
TCGA-22-5489	96850824-2e13-4bf8-af9e-cab1c0e958d8	0
TCGA-22-5491	d74ecfbc-be88-47ca-a277-8bd0a4fb91c7	0
TCGA-22-5492	1bf50fcd-9038-4deb-a221-5e68245eaa1e	0
TCGA-22-A5C4	930e8f8e-7bfd-4b9c-b91f-7e6607668028	0
TCGA-34-2604	12a565fe-9e46-4488-83b3-c7c42281f63e	0
TCGA-34-2605	d85e8c89-04ef-4bb5-8f10-fb2a27b2e9f1	0
TCGA-34-5232	4cae8c1a-195a-49d3-a88e-f863c6506ab2	1
TCGA-34-5240	79307d44-5a4f-4286-94f7-b631e9a6645c	0
TCGA-34-5929	e11487a9-9400-4ffd-a0bb-068c921e6147	1
TCGA-37-3783	13a1d836-4e89-42d7-8a74-268a12c429f6	0
TCGA-37-3789	83034b6b-6c34-45de-8188-2c1e31100f22	0
TCGA-37-3792	28e9a352-695a-4b84-acc8-ee72fc4e2827	0
TCGA-37-4129	9526045d-eeb3-4d36-adc0-f58c3058e446	0
TCGA-37-4130	24776b74-37e9-4948-baad-6e41caeebfc3	0
TCGA-37-4132	450e17c8-1cb6-4090-8149-c4c42809e4a5	0
TCGA-37-4133	a7569ad7-2eac-4308-bc5e-a99756bc3fd8	0
TCGA-37-4135	3093fd74-70e8-48f9-914f-6e1a5b44c343	0
TCGA-37-4141	9d033826-a766-4d51-bddf-ba119225200e	0
TCGA-39-5011	7ff51101-5a90-4722-8025-1e6dad105f0f	0
TCGA-39-5016	f8f65573-8dba-4acf-928c-809f8f9c9f20	0
TCGA-39-5019	4fa33fb1-f521-47c1-a253-7cf3eeda3a99	0
TCGA-39-5021	e656ed51-b5e5-4729-9345-439b256c1c07	0
TCGA-39-5022	ad44be48-da3c-4a52-a0f2-e89d24b9eb2a	0
TCGA-39-5024	beea9c00-f3fb-4b72-96e7-99fa013a6a11	0
TCGA-39-5027	62bc72c2-70ad-409a-bde3-459712201e90	0
TCGA-39-5028	6afe8d1d-dc97-4385-b67d-aa753dc6c634	0
TCGA-39-5029	c9d887cf-5f0a-4d09-bdfa-b46b653d9765	0
TCGA-39-5030	4de59d57-e818-479e-aa96-6dfddf05afb6	0
TCGA-39-5031	46aaae5a-36d4-4de0-9dc4-12313c0dfeeb	0
TCGA-39-5034	98d3d94b-8e41-449d-bf85-3a9e504cef2d	1
TCGA-39-5035	594e4094-69af-45c7-a2b3-1f1ab33101ee	0
TCGA-39-5036	25118f0d-e745-421a-bbd0-136a37963a08	0
TCGA-39-5037	2990d213-b382-4b29-a180-1e57b490eda6	0
TCGA-39-5039	3ea9cf3b-4123-45d3-9bca-fe891a449dad	0
TCGA-39-5040	59fa2b75-f136-4598-8944-c2dea1c4f866	0
TCGA-46-3765	cbfe4551-c7b7-461f-ba6e-3b725a41b9da	0
TCGA-46-3766	d56bb3e1-01cb-4dbc-9f70-9fa484539f6c	0
TCGA-46-3767	50074751-b137-4f0a-9e11-eb2deab5015c	0
TCGA-46-3768	cf6e3c38-1e41-41cb-8802-3311a9867982	0
TCGA-46-3769	08d66526-25a7-43d0-88c4-053c8d9a9261	1
TCGA-46-6025	82bc8fc4-1f34-4f0d-aaf1-b8b389fd5c2a	0
TCGA-46-6026	a71cdefd-1087-40a1-bd0a-08507ec39d39	0
TCGA-51-4079	0cf6950d-4c6b-4a86-87fd-b2ed121db107	0
TCGA-51-4080	4ac35f83-1835-402e-822d-2737eece471f	0
TCGA-51-4081	d5e0ad0d-5227-4b26-850b-eebf8d8bfa57	0
TCGA-51-6867	9264954e-6962-4f87-aa21-017f0dc7f06d	0
TCGA-52-7622	6eedf4d9-1050-435d-b766-d8b9d649574b	0
TCGA-52-7809	ed4a9249-1d77-4989-bc83-b1eecd3d7394	0
TCGA-52-7810	ebf22c3b-1afa-490f-9912-3bb666f67207	0
TCGA-52-7811	73d1ca98-0e47-41ef-b756-aa8914a0003c	0
TCGA-52-7812	597b82ba-9071-4181-9b73-e8ad2a822ef8	0
TCGA-56-7222	794840f1-0b1d-4cd8-ae6a-adc9a924381e	0
TCGA-56-8624	a232151a-c644-4500-8284-d4d405d17cdd	1
TCGA-56-8629	c21f0d2c-73c1-463e-b6d2-94746a048b55	0
TCGA-56-A4BX	b88ab735-b009-46a8-b677-ae7785d5bfa0	0
TCGA-56-A4BY	7490bd8b-8bb6-4f93-ab18-e5d33d4dd4c3	0
TCGA-56-A4ZK	f49309c2-a04e-424b-8124-eb4917cbd3d8	0
TCGA-56-A5DR	381e90b2-6341-4563-a752-f1156e26d288	0
TCGA-56-A5DS	e618155e-39fe-4a78-aa00-a1c9b75ec762	0
TCGA-56-A62T	dc947d18-9f5f-485a-8873-0bae9666a059	0
TCGA-58-A46J	496f1be5-1c5d-464c-b3e5-ea5ab1d5f58b	0
TCGA-58-A46K	a5da2511-f3d2-4591-a739-7cb83419f558	0
TCGA-58-A46L	6f74c7b1-8bf3-410f-ad47-9f178db6455b	0
TCGA-58-A46M	311abe38-88e2-4ad6-aa43-3c1ff771f5bc	0
TCGA-58-A46N	ee790d60-4614-4896-bf1f-204e0ec5fbd7	0
TCGA-60-2695	b6d379dd-6213-48c3-b96c-577aca5520cb	0
TCGA-60-2696	b86932d8-8618-445b-98bc-9dfa01f678e0	0
TCGA-60-2697	0ea9adec-94a4-49de-af60-df054d6d3844	0
TCGA-60-2698	ebc4f361-93f0-4728-a051-570262dc73c8	0
TCGA-60-2703	905648d2-58f1-403a-a52d-1c2585986204	0
TCGA-60-2704	4723f07f-51e2-44c5-8d7d-630b5c62b34a	0
TCGA-60-2706	1a0c639a-e273-41ba-88dd-9da758cfb85d	0
TCGA-60-2707	c02b712d-9581-4905-b922-c365633470e8	0
TCGA-60-2708	841ff51b-0074-4252-a6d3-b61c7beef16e	0
TCGA-60-2709	1b9b90db-2916-45f2-b945-a7ea1196a6de	0
TCGA-60-2710	acb89cf2-e331-44c5-a458-0542912c1215	0
TCGA-60-2711	8ab48244-6f18-47cb-b1f5-d2dbbf2e9487	0
TCGA-60-2712	1123d866-9b24-47e1-a285-20a374d62df0	0
TCGA-60-2713	b508519c-2c27-44a9-8e7c-0c25fb2939af	0
TCGA-60-2714	608e2269-04b4-4a20-aca8-d20f36800cc3	0
TCGA-60-2715	b1a00e22-7a0b-4523-8b73-dfc853ae73e0	0
TCGA-60-2716	7ca372f7-3f63-4253-929f-a19e6ab5635b	0
TCGA-60-2719	328d1dd7-b6c9-4bb2-8a39-c24eda7c9d9d	0
TCGA-60-2720	a0a3d927-35f1-45a5-8aec-c1634872139f	0
TCGA-60-2721	6fa69ac5-749d-45e0-8e23-bf95cf694417	0
TCGA-60-2722	b3e45b1e-5fb7-4e21-bc71-da5527b50040	0
TCGA-60-2723	4469606b-4a90-4bb5-b5db-b06427f489ec	0
TCGA-60-2724	0a780b0b-fce9-4999-92ba-a8b277578a1d	0
TCGA-60-2725	9b3bb93f-8355-4f8c-8958-d0122581b15b	0
TCGA-60-2726	b3d92da3-8d47-49ad-9624-64f05818b411	0
TCGA-63-5128	64bc63a7-53e9-462f-9030-a769717b7f1c	0
TCGA-63-5131	9d5d8260-061b-4a55-9b1e-80a993a0c9ff	0
TCGA-63-A5MB	d973e6e0-785d-46a1-b920-fae33df4023c	0
TCGA-63-A5MG	c79b3182-2862-4af8-b0c9-f87fad9917c2	0
TCGA-63-A5MH	10e4ce3b-cee1-44a5-9258-5f171a94264d	0
TCGA-63-A5MI	e8c717c6-a03c-40b0-982c-7b47482e4150	0
TCGA-63-A5MJ	1a23b078-10b4-43df-b17e-3a942dd903f2	0
TCGA-63-A5ML	188f3085-8af4-4f4c-a88d-4d7dda3978ba	0
TCGA-63-A5MM	7727e6c5-1b98-414b-b916-44c2adf2d790	0
TCGA-63-A5MN	584008ba-0df1-4d7f-8a6a-363ba869d506	0
TCGA-63-A5MP	7983d944-e0c3-411c-bd6b-ce591cb54002	0
TCGA-63-A5MR	4cc29cdf-cf16-4ff9-b69b-4a4da96aa480	0
TCGA-63-A5MS	8b6a9249-ac57-4c5f-bb31-ecd7b3dc942f	0
TCGA-63-A5MT	a3e20a44-ec27-42f0-b904-73d24a03cec0	0
TCGA-63-A5MU	1ca04dfb-a08a-4720-9f35-90e76885beda	0
TCGA-63-A5MV	4dbc6edd-5efb-4863-bf05-ef9f22def98a	0
TCGA-68-7755	aafb8ab2-99c9-4a77-a0b2-a5b94fba3587	0
TCGA-68-7756	c55105bc-2fba-4b1c-bf47-3811c6af465d	1
TCGA-68-7757	a8170198-99b3-4269-883a-5ba4dab6bd53	0
TCGA-68-8250	a74cb230-2b7e-4544-bcf3-ec7bb8820d08	0
TCGA-77-6842	74e1a3eb-a135-4142-8e57-e6985cd37fb7	0
TCGA-77-6843	b663ac14-deaf-4da0-a0c0-9f39c91eee29	0
TCGA-77-6844	abd51058-8108-4485-99f7-91bf79165edc	0
TCGA-77-6845	ccdd069b-3502-4033-8174-973fa56fa778	0
TCGA-77-7138	2e2c11da-ae5d-4e85-ad64-709b364b76ac	0
TCGA-77-7139	5f8d6257-e1b0-45e9-b9ea-72d10714126a	0
TCGA-77-7140	d0051379-5456-4ec7-a7a9-e59061e86a43	0
TCGA-77-7141	64d90ca3-59b2-44ec-8fa9-3857992b3cce	0
TCGA-77-7142	feaf4455-0ea2-4b0b-8b58-528e330354ad	0
TCGA-77-7335	f0e3b9be-eeeb-4dfd-8cdc-d439bcbd4184	0
TCGA-77-7337	6d9831a3-6c46-4bcb-b1b9-c8c223898dcf	0
TCGA-77-7338	da0370c1-5f4f-44d8-b5e8-151521635933	0
TCGA-77-7463	aa212af2-b686-4543-81ca-09cc50ffaa4f	0
TCGA-77-7465	8603190b-8bb4-4eb1-8949-b95872d85d92	0
TCGA-77-8007	f96a9f38-52c5-4736-8d00-c30e0b3cedf8	0
TCGA-77-8008	5886dc93-6abc-4c6e-966f-92a46a48d704	0
TCGA-77-8009	9c4288be-6c60-40fb-afe8-06f40407c717	0
TCGA-77-8128	7edfafcf-1dab-4f69-986e-9df1d9586720	0
TCGA-77-8130	de5f6551-b83b-41c3-85a8-62964070e511	0
TCGA-77-8131	0eaac2ef-8314-4c4e-89de-f6dd0d069c1b	0
TCGA-77-8133	b951e6c8-e16b-4b22-bbaa-e5770f6f8f2b	0
TCGA-77-8136	1ff4629c-5ec8-413b-bc91-156ce5a4f76b	0
TCGA-77-8138	01a0a249-0ff2-492f-bab7-20121922906b	0
TCGA-77-8139	9bd104e7-6e32-447d-9445-492d5d271c1e	0
TCGA-77-8140	7664ede1-deba-493c-ab7a-5690bd27a7e6	0
TCGA-77-8143	98dd0957-8cbe-48e3-931a-76a58706d9b8	0
TCGA-77-8144	663a39e0-9b64-4345-945d-e12ce1242f23	0
TCGA-77-8145	922ee2a8-9092-4cbf-878e-9d83b289d2af	0
TCGA-77-8146	3041d5a1-f53b-419f-8465-7b6acf75bfca	0
TCGA-77-8148	d9b8e340-1a89-4753-a096-52564797c4dc	0
TCGA-77-8150	9a4d072d-55d9-43e2-8b37-dc9d76a23248	0
TCGA-77-8153	1fbfafc7-a680-436a-ade8-6bab403471e3	0
TCGA-77-8154	b2f68a40-3bda-41f2-80d5-328427aeffcb	0
TCGA-77-8156	77ed0b27-67dc-4764-8789-a85f2b2d036f	0
TCGA-77-A5FZ	a234d2f7-6622-43d6-b0a0-dfa085fc5eeb	0
TCGA-77-A5G1	f9e6881f-0ceb-4702-b72d-c3df13972ab0	0
TCGA-77-A5G3	0f5036c6-8156-457e-96bb-202c29e4999b	0
TCGA-77-A5G6	4ab05ff5-b80a-481e-b087-137b62c1a6ee	0
TCGA-77-A5G7	9981a3bc-29aa-425e-b553-64ecfb514b52	0
TCGA-77-A5G8	d9e0db34-25d4-491c-8f90-b1f677dfbe12	0
TCGA-77-A5GA	d54af02d-d935-4ee4-a792-8a91d41a6c37	0
TCGA-77-A5GB	b3ecf070-80e4-4884-adc0-f2d1b89b246b	0
TCGA-77-A5GF	66a7545e-7166-4df5-b4ba-eed85a0d7ec5	0
TCGA-77-A5GH	7cacb2aa-afeb-43c4-80f6-27adb726dd60	0
TCGA-85-6175	1993799e-15f8-4f52-9595-130f414f5edb	0
TCGA-85-7844	0d6f696c-1839-49c8-8a8b-938d6bfa9b32	0
TCGA-85-7950	da37b632-521f-4ad0-9c3c-5ec2a1298ad5	0
TCGA-85-8049	39871fb3-8f15-4f56-a40e-05ab80407ca0	0
TCGA-85-8052	2c572589-aac1-4dd8-a178-4b6d79b1c579	0
TCGA-85-8070	e9536fee-63cf-4d51-8247-1f97e3816991	0
TCGA-85-8071	c17e9445-5be2-4292-a383-e89dabc8016d	0
TCGA-85-8072	920f1582-9a09-487d-88a5-3c88013900f6	0
TCGA-85-8350	93cc7c4e-d505-418c-bcc0-04591df96796	0
TCGA-85-8351	32afadea-50d6-4df1-95da-14b3aa829aac	0
TCGA-85-8353	1e660e65-0b54-4ece-b966-f6a7e41ea333	0
TCGA-85-8479	c60988bb-ef3c-48bd-aba6-6716f5697690	0
TCGA-85-8481	0d72955a-921b-4b4f-a00f-655ba8f466bb	0
TCGA-85-8580	de2f18e2-c437-4b53-a612-118ec04ddf13	0
TCGA-85-8582	8fde2100-d9a6-4f34-bacb-00bd479c835a	0
TCGA-85-8584	25c5db34-b07e-4084-ab1b-2ca99f6a5860	0
TCGA-85-A4CL	88ff6764-04cc-41b5-af62-e14034ce35d2	0
TCGA-85-A4CN	7958411b-7a20-45fd-ad6d-5c3bead90c17	0
TCGA-85-A4JB	3e8af9a3-19f8-4c36-a0df-b9fbdc63116a	0
TCGA-85-A4JC	d3011f7d-5bd9-4634-a096-17d0a0c0953d	0
TCGA-85-A4PA	05300e28-4efa-4a3e-87af-7b85df349ac0	0
TCGA-85-A4QQ	18c18613-c1e7-46fd-b045-d57330a9ce21	0
TCGA-85-A4QR	57d2a6a7-20ef-41f6-b835-028cb1b9ebf3	0
TCGA-85-A50M	20f3f863-492c-4a5a-abc0-1f3a04382c78	0
TCGA-85-A510	d1722774-4fd1-4db0-b84c-2513dbe78529	0
TCGA-85-A511	76bd4403-159d-47de-8b36-2e3a0e63d901	0
TCGA-85-A512	9d8b4a00-d577-4c0b-bcf0-e0e17b9c9ff7	0
TCGA-85-A513	506a823f-ba96-4480-af0e-32960e77fb6b	0
TCGA-85-A53L	1eede4a8-b8d2-487b-ab79-9abe6cc05462	0
TCGA-85-A5B5	ac618c10-c084-42bb-bf09-1f4aae69ed38	0
TCGA-90-7964	938be563-e1ea-4cbf-8766-d6a071cca0fd	0
TCGA-90-A4ED	66069746-c7c6-4602-8f5c-fcc9d76f1623	0
TCGA-90-A4EE	13a240c0-578b-492c-9577-3308b24d2d0a	1
TCGA-90-A59Q	97dc4a13-09c6-4093-9b3d-becbbdd8944b	0
TCGA-92-7340	5ca1e5a0-1df9-4261-9ab2-ebb9a8d85d95	0
TCGA-92-7341	c0559232-3a84-4158-9091-72ccf37145ef	0
TCGA-92-8063	fd2d4c67-1c2c-45b4-932b-3638d946b0d4	0
TCGA-92-8064	0c7ae174-ea13-4999-bd7b-002d329e60ea	0
TCGA-92-8065	2818aa85-e439-45f6-b079-e19b230910ea	0
TCGA-94-8490	bfb3b60d-59ea-453c-bf4d-1a1cc6bb4135	0
TCGA-94-8491	919ac963-e503-40e8-b7ee-46b40a530774	0
TCGA-94-A4VJ	e8209f43-7b2d-4a3d-9148-6666258537d0	0
TCGA-94-A5I4	ebc7de75-ebef-42dc-a580-6dbd2ce3af24	0
TCGA-94-A5I6	a62f9b6e-38eb-4a6b-9bc3-95038d7c14de	0
TCGA-96-8169	2558faad-17a7-46d9-993c-61a7502e3fdc	0
TCGA-96-8170	ddc21b43-4b22-40f7-8faa-b1a464a3fbed	0
TCGA-96-A4JK	8dab7870-1805-4735-82e6-9a5efbc05ea7	0
TCGA-96-A4JL	4daa3fa7-5336-4b51-a8c6-7762e89d2011	0
TCGA-98-7454	18cd3aed-514e-4b56-9c52-04c06d83eaa7	1
TCGA-98-8020	73108fa2-18c7-4a79-8f34-b755d3069347	1
TCGA-98-8021	d603e1be-5b2a-442c-9610-b1b100dd6d3d	1
TCGA-98-8022	c2162929-572d-45f3-b211-6f0b54d61650	1
TCGA-98-8023	9d922ca4-9335-4223-962e-88ddaad9ea52	1
TCGA-98-A538	13c71a42-d1eb-4f46-b2bc-82575007a83b	1
TCGA-98-A539	54390baa-3a83-4f0e-b24e-9c2cae8c3455	1
TCGA-98-A53A	0e0bb0a8-e9cd-431c-b459-1e05200eea5f	1
TCGA-98-A53B	933d99cd-789c-4f03-9d9f-672cd3740a47	0
TCGA-98-A53C	c0d523bb-15c6-4c93-8c03-d5a82136057a	0
TCGA-98-A53D	3a885d4d-d453-47ae-b349-93325c314de8	0
TCGA-98-A53H	028c2af5-9ab1-4822-ae45-2fd870c91879	0
TCGA-98-A53I	9dccff90-6639-43ad-8f96-e249d2515d1d	1
TCGA-98-A53J	ed34940e-171e-4fb1-92db-43b5320eb8c6	1
TCGA-J1-A4AH	d7b57bca-6c28-4876-b726-b9e06bb359e6	0
TCGA-L3-A4E7	479c73df-95ee-4b1d-a68b-40e0fee3bbd7	0
TCGA-L3-A524	b6dc6d10-0796-4a72-becc-66046cffb2cb	0
TCGA-LA-A446	1b8fdd07-513f-4dd1-9bda-d1a130f6d298	0
TCGA-LA-A7SW	8f139e90-b100-4d64-92d8-11f6b2704067	0
TCGA-NC-A5HD	7c2851a1-f6cc-4a64-bab4-9234a2a90ac3	0
TCGA-NC-A5HE	1eb31428-6722-48c0-8b10-e21d3740c2b4	0
TCGA-NC-A5HF	2285b642-ac05-4e32-8640-f81be14b4a05	0
TCGA-NC-A5HG	fdee3a3e-ff61-41b9-9925-90fba0dbd063	0
TCGA-NC-A5HH	c2f152d1-aae7-4018-a1e7-fd0097bb4fd9	0
TCGA-NC-A5HI	584b9676-8bf2-4e51-b61d-479e54b99356	0
TCGA-NC-A5HJ	0ca8d67e-1720-4ec8-a1e5-39e9b6b7d698	0
TCGA-NC-A5HK	cdc5cc82-a0c9-40a8-ae86-b1b312a261b9	0
TCGA-NC-A5HL	f9cb04c8-3821-40e5-8ad4-57bd6d66489c	0
TCGA-NC-A5HM	85711c45-5a79-4617-85a5-ea3424fa081d	0
TCGA-NC-A5HN	4ef97f5c-acb5-4ddd-984b-a9f127b28804	0
TCGA-NC-A5HO	66ed6c40-3dde-4f04-991c-73d31b2f17d2	0
TCGA-NC-A5HP	702357d1-af92-40c7-b142-aed61e8f60b6	0
TCGA-NC-A5HQ	6661a25a-64f2-4362-bbf6-61883fd80f81	0
TCGA-NC-A5HR	7544f41b-9c23-4a8f-902c-797b5e92fd23	0
TCGA-NC-A5HT	40365d79-8999-460e-9aa2-000693ffa43f	0
TCGA-NK-A5CR	95ef4111-1c9d-48d1-ad16-0564239ac61a	0
TCGA-NK-A5CT	914f026f-cf8e-4acc-840f-179f9b0bca4f	0
TCGA-NK-A5CX	9a809f9d-ea4e-495c-a338-5ecf96847e6e	0
TCGA-NK-A5D1	2e826610-c9c8-4cbc-a664-61d152a113ee	0
TCGA-NK-A7XE	dbd51586-bd36-4823-a2e8-0d9d7e80520d	0
TCGA-O2-A52N	acac5602-f1df-4df7-94ff-9ea51c489623	0
TCGA-O2-A52S	ad9071ec-f20d-44bd-be8d-8d283e5324cf	0
TCGA-O2-A52V	4a195a61-965d-4cce-b5a7-05246588a561	0
TCGA-O2-A52W	9db4a2ba-2e3e-4c8e-a189-1c50d0598c54	0
TCGA-O2-A5IB	68efd10b-124c-4566-b988-6fc32f2e492c	0
TCGA-XC-AA0X	5add8264-e7bd-42ad-a90a-b96a0cb4da65	0
